{
    "objects": {
        "Cube.001": {
            "location": [
                1.5481863021850586,
                -4.3050408363342285,
                1.0955958366394043
            ],
            "rotation": [
                0.0,
                0.0,
                0.0
            ],
            "scale": [
                1.0,
                1.0,
                1.0
            ]
        },
        "Cube.002": {
            "location": [
                -1.6281211376190186,
                -4.296662330627441,
                2.1850156784057617
            ],
            "rotation": [
                0.0,
                0.0,
                0.0
            ],
            "scale": [
                1.0,
                1.0,
                1.0
            ]
        },
        "Cube.003": {
            "location": [
                -2.3726091384887695,
                -0.9402869939804077,
                3.6658425331115723
            ],
            "rotation": [
                0.0,
                0.0,
                0.0
            ],
            "scale": [
                1.0,
                1.0,
                1.0
            ]
        },
        "Cube.004": {
            "location": [
                -2.273944854736328,
                2.980804204940796,
                4.921823501586914
            ],
            "rotation": [
                0.0,
                0.0,
                0.0
            ],
            "scale": [
                1.0,
                1.0,
                1.0
            ]
        },
        "Cube.005": {
            "location": [
                4.755797386169434,
                7.482069492340088,
                8.02086067199707
            ],
            "rotation": [
                0.0,
                0.0,
                0.0
            ],
            "scale": [
                1.0,
                1.0,
                1.0
            ]
        },
        "Cube.006": {
            "location": [
                12.158610343933105,
                7.524954795837402,
                8.924683570861816
            ],
            "rotation": [
                0.0,
                0.0,
                0.0
            ],
            "scale": [
                1.0,
                1.0,
                1.0
            ]
        },
        "Cube.007": {
            "location": [
                22.01592445373535,
                2.3261959552764893,
                4.884661674499512
            ],
            "rotation": [
                0.0,
                0.0,
                0.0
            ],
            "scale": [
                1.0,
                1.0,
                1.0
            ]
        },
        "Cube.008": {
            "location": [
                22.033958435058594,
                -2.2439334392547607,
                4.884661674499512
            ],
            "rotation": [
                0.0,
                0.0,
                0.0
            ],
            "scale": [
                1.0,
                1.0,
                1.0
            ]
        },
        "Cube.010": {
            "location": [
                22.112430572509766,
                -6.458457946777344,
                4.884661674499512
            ],
            "rotation": [
                0.0,
                0.0,
                0.0
            ],
            "scale": [
                1.0,
                1.0,
                1.0
            ]
        },
        "Cube.011": {
            "location": [
                -1.4179515838623047,
                6.303986072540283,
                6.223016262054443
            ],
            "rotation": [
                0.0,
                0.0,
                0.0
            ],
            "scale": [
                1.0,
                1.0,
                1.0
            ]
        },
        "Cube.009": {
            "location": [
                22.00758171081543,
                7.160168170928955,
                4.884661674499512
            ],
            "rotation": [
                0.0,
                0.0,
                0.0
            ],
            "scale": [
                1.0,
                1.0,
                1.0
            ]
        }
    },
    "lights": {},
    "movingPlatform": {
        "Platform.001": {
            "location": [
                8.315250396728516,
                7.477500915527344,
                8.679213523864746
            ],
            "rotation": [
                0.0,
                0.0,
                0.0
            ],
            "scale": [
                1.0,
                1.0,
                1.0
            ]
        },
        "Platform.002": {
            "location": [
                1.3459131717681885,
                7.335782051086426,
                7.3540544509887695
            ],
            "rotation": [
                0.0,
                0.0,
                0.0
            ],
            "scale": [
                1.0,
                1.0,
                1.0
            ]
        }
    },
    "obstacles": {
        "Obstacle.001": {
            "location": [
                22.069252014160156,
                -4.277620315551758,
                4.884661674499512
            ],
            "rotation": [
                0.0,
                0.0,
                0.0
            ],
            "scale": [
                1.0,
                1.0,
                1.0
            ]
        },
        "Obstacle.002": {
            "location": [
                22.069252014160156,
                -0.05124944448471069,
                4.884661674499512
            ],
            "rotation": [
                0.0,
                0.0,
                0.0
            ],
            "scale": [
                1.0,
                1.0,
                1.0
            ]
        },
        "Obstacle.003": {
            "location": [
                22.02863121032715,
                4.742100715637207,
                4.884661674499512
            ],
            "rotation": [
                0.0,
                0.0,
                0.0
            ],
            "scale": [
                1.0,
                1.0,
                1.0
            ]
        }
    },
    "jumpPad": {
        "JumpPad.001": {
            "location": [
                18.29828643798828,
                -6.458457946777344,
                4.884661674499512
            ],
            "rotation": [
                0.0,
                0.0,
                0.0
            ],
            "scale": [
                1.0,
                1.0,
                1.0
            ]
        },
        "JumpPad.002": {
            "location": [
                9.132315635681152,
                -6.458457946777344,
                8.891329765319824
            ],
            "rotation": [
                0.0,
                0.0,
                0.0
            ],
            "scale": [
                1.0,
                1.0,
                1.0
            ]
        },
        "JumpPad.003": {
            "location": [
                0.3650665283203125,
                -6.458457946777344,
                14.697461128234863
            ],
            "rotation": [
                0.0,
                0.0,
                0.0
            ],
            "scale": [
                1.0,
                1.0,
                1.0
            ]
        }
    }
}