{
    "objects": {
        "Cube.001": {
            "location": [
                0.5481864213943481,
                -4.3050408363342285,
                1.0955958366394043
            ],
            "rotation": [
                0.0,
                0.0,
                0.0
            ],
            "scale": [
                1.0,
                1.0,
                1.0
            ]
        },
        "Cube.002": {
            "location": [
                0.5481864213943481,
                -7.3050408363342285,
                2.0955958366394043
            ],
            "rotation": [
                0.0,
                0.0,
                0.0
            ],
            "scale": [
                1.0,
                1.0,
                1.0
            ]
        },
        "Cube.003": {
            "location": [
                3.348186492919922,
                -7.20504093170166,
                3.0955958366394043
            ],
            "rotation": [
                0.0,
                0.0,
                0.0
            ],
            "scale": [
                1.0,
                1.0,
                1.0
            ]
        },
        "Cube.004": {
            "location": [
                6.548186779022217,
                -7.3050408363342285,
                4.095595836639404
            ],
            "rotation": [
                0.0,
                0.0,
                0.0
            ],
            "scale": [
                1.0,
                1.0,
                1.0
            ]
        },
        "Cube.005": {
            "location": [
                6.548186779022217,
                -4.3050408363342285,
                5.095595836639404
            ],
            "rotation": [
                0.0,
                0.0,
                0.0
            ],
            "scale": [
                1.0,
                1.0,
                1.0
            ]
        },
        "Cube.007": {
            "location": [
                9.948185920715332,
                -4.3050408363342285,
                5.595595836639404
            ],
            "rotation": [
                0.0,
                0.0,
                0.0
            ],
            "scale": [
                1.0,
                1.0,
                1.0
            ]
        },
        "Cube.008": {
            "location": [
                17.548187255859375,
                -1.3050408363342285,
                6.095595836639404
            ],
            "rotation": [
                0.0,
                0.0,
                0.0
            ],
            "scale": [
                1.0,
                1.0,
                1.0
            ]
        },
        "Cube.009": {
            "location": [
                21.548187255859375,
                -1.3050408363342285,
                6.095595836639404
            ],
            "rotation": [
                0.0,
                0.0,
                0.0
            ],
            "scale": [
                1.0,
                1.0,
                1.0
            ]
        },
        "Cube.011": {
            "location": [
                28.548187255859375,
                -7.3050408363342285,
                6.095595836639404
            ],
            "rotation": [
                0.0,
                0.0,
                0.0
            ],
            "scale": [
                1.0,
                1.0,
                1.0
            ]
        },
        "Cube.012": {
            "location": [
                31.94818687438965,
                -4.3050408363342285,
                6.095595836639404
            ],
            "rotation": [
                0.0,
                0.0,
                0.0
            ],
            "scale": [
                1.0,
                1.0,
                1.0
            ]
        },
        "Cube.006": {
            "location": [
                39.548187255859375,
                -4.3050408363342285,
                6.095595836639404
            ],
            "rotation": [
                0.0,
                0.0,
                0.0
            ],
            "scale": [
                1.0,
                1.0,
                1.0
            ]
        },
        "Cube.010": {
            "location": [
                43.548187255859375,
                -4.3050408363342285,
                6.095595836639404
            ],
            "rotation": [
                0.0,
                0.0,
                0.0
            ],
            "scale": [
                1.0,
                1.0,
                1.0
            ]
        }
    },
    "lights": {},
    "movingPlatform": {},
    "obstacles": {},
    "jumpPad": {
        "JumpPad.001": {
            "location": [
                33.74818420410156,
                -8.30504035949707,
                -3.4044041633605957
            ],
            "rotation": [
                0.0,
                0.0,
                0.0
            ],
            "scale": [
                1.0,
                1.0,
                1.0
            ]
        }
    },
    "largePlatform": {},
    "pepostar": {},
    "breakable": {
        "Breakable.001": {
            "location": [
                15.748186111450195,
                -8.30504035949707,
                1.4955958127975464
            ],
            "rotation": [
                0.0,
                0.0,
                0.0
            ],
            "scale": [
                1.0,
                1.0,
                1.0
            ]
        },
        "Breakable.002": {
            "location": [
                20.748188018798828,
                -5.005040168762207,
                -1.1044042110443115
            ],
            "rotation": [
                0.0,
                0.0,
                0.0
            ],
            "scale": [
                1.0,
                1.0,
                1.0
            ]
        },
        "Breakable.003": {
            "location": [
                27.1481876373291,
                -2.3050403594970703,
                -1.3044042587280273
            ],
            "rotation": [
                0.0,
                0.0,
                0.0
            ],
            "scale": [
                1.0,
                1.0,
                1.0
            ]
        },
        "Breakable.004": {
            "location": [
                13.548186302185059,
                -4.3050408363342285,
                6.095595836639404
            ],
            "rotation": [
                0.0,
                0.0,
                0.0
            ],
            "scale": [
                1.0,
                1.0,
                1.0
            ]
        },
        "Breakable.005": {
            "location": [
                24.548187255859375,
                -4.3050408363342285,
                6.095595836639404
            ],
            "rotation": [
                0.0,
                0.0,
                0.0
            ],
            "scale": [
                1.0,
                1.0,
                1.0
            ]
        },
        "Breakable.006": {
            "location": [
                35.64818572998047,
                -4.3050408363342285,
                6.095595836639404
            ],
            "rotation": [
                0.0,
                0.0,
                0.0
            ],
            "scale": [
                1.0,
                1.0,
                1.0
            ]
        }
    }
}