{
    "objects": {
        "Cube.001": {
            "location": [
                0.46367818117141724,
                -3.328643798828125,
                1.0955958366394043
            ],
            "rotation": [
                0.0,
                0.0,
                0.0
            ],
            "scale": [
                1.0,
                1.0,
                1.0
            ]
        },
        "Cube.002": {
            "location": [
                24.94818878173828,
                -5.128643989562988,
                3.0955958366394043
            ],
            "rotation": [
                0.0,
                0.0,
                0.0
            ],
            "scale": [
                1.0,
                1.0,
                1.0
            ]
        },
        "Cube.004": {
            "location": [
                12.548188209533691,
                -5.128643989562988,
                13.89559555053711
            ],
            "rotation": [
                0.0,
                0.0,
                0.0
            ],
            "scale": [
                1.0,
                1.0,
                1.0
            ]
        },
        "Cube.005": {
            "location": [
                19.248188018798828,
                -5.128643989562988,
                15.495595932006836
            ],
            "rotation": [
                0.0,
                0.0,
                0.0
            ],
            "scale": [
                1.0,
                1.0,
                1.0
            ]
        },
        "Cube.006": {
            "location": [
                26.6481876373291,
                -5.128643989562988,
                17.095596313476562
            ],
            "rotation": [
                0.0,
                0.0,
                0.0
            ],
            "scale": [
                1.0,
                1.0,
                1.0
            ]
        },
        "Cube.007": {
            "location": [
                30.94818687438965,
                -5.128643989562988,
                17.095596313476562
            ],
            "rotation": [
                0.0,
                0.0,
                0.0
            ],
            "scale": [
                1.0,
                1.0,
                1.0
            ]
        },
        "Cube.003": {
            "location": [
                3.6481869220733643,
                -5.128643989562988,
                11.895596504211426
            ],
            "rotation": [
                0.0,
                0.0,
                0.0
            ],
            "scale": [
                1.0,
                1.0,
                1.0
            ]
        },
        "Cube.008": {
            "location": [
                -22.751811981201172,
                -2.1286439895629883,
                12.7955961227417
            ],
            "rotation": [
                0.0,
                0.0,
                0.0
            ],
            "scale": [
                1.0,
                1.0,
                1.0
            ]
        },
        "Cube.009": {
            "location": [
                -18.8518123626709,
                -6.428643703460693,
                12.7955961227417
            ],
            "rotation": [
                0.0,
                0.0,
                0.0
            ],
            "scale": [
                1.0,
                1.0,
                1.0
            ]
        },
        "Cube.010": {
            "location": [
                -14.471813201904297,
                -10.128643989562988,
                12.895596504211426
            ],
            "rotation": [
                0.0,
                0.0,
                0.0
            ],
            "scale": [
                1.0,
                1.0,
                1.0
            ]
        },
        "Cube.011": {
            "location": [
                -9.751813888549805,
                -6.128643989562988,
                12.895596504211426
            ],
            "rotation": [
                0.0,
                0.0,
                0.0
            ],
            "scale": [
                1.0,
                1.0,
                1.0
            ]
        },
        "Cube.012": {
            "location": [
                -4.851810932159424,
                -2.1286439895629883,
                12.895596504211426
            ],
            "rotation": [
                0.0,
                0.0,
                0.0
            ],
            "scale": [
                1.0,
                1.0,
                1.0
            ]
        },
        "Cube.013": {
            "location": [
                -2.951813220977783,
                -16.128643035888672,
                12.895596504211426
            ],
            "rotation": [
                0.0,
                0.0,
                0.0
            ],
            "scale": [
                1.0,
                1.0,
                1.0
            ]
        },
        "Cube.014": {
            "location": [
                -11.751813888549805,
                -16.128643035888672,
                12.895596504211426
            ],
            "rotation": [
                0.0,
                0.0,
                0.0
            ],
            "scale": [
                1.0,
                1.0,
                1.0
            ]
        },
        "Cube.015": {
            "location": [
                -16.951812744140625,
                -16.128643035888672,
                12.895596504211426
            ],
            "rotation": [
                0.0,
                0.0,
                0.0
            ],
            "scale": [
                1.0,
                1.0,
                1.0
            ]
        },
        "Cube.016": {
            "location": [
                -21.251811981201172,
                -16.128643035888672,
                12.895596504211426
            ],
            "rotation": [
                0.0,
                0.0,
                0.0
            ],
            "scale": [
                1.0,
                1.0,
                1.0
            ]
        },
        "Cube.017": {
            "location": [
                -0.35181310772895813,
                -5.128643989562988,
                12.895596504211426
            ],
            "rotation": [
                0.0,
                0.0,
                0.0
            ],
            "scale": [
                1.0,
                1.0,
                1.0
            ]
        },
        "Cube.018": {
            "location": [
                -7.351813316345215,
                -16.128643035888672,
                12.895596504211426
            ],
            "rotation": [
                0.0,
                0.0,
                0.0
            ],
            "scale": [
                1.0,
                1.0,
                1.0
            ]
        }
    },
    "lights": {},
    "movingPlatform": {
        "Moving": {
            "location": [
                4.19629430770874,
                -7.103432655334473,
                3.141831159591675
            ],
            "rotation": [
                0.0,
                0.0,
                0.0
            ],
            "scale": [
                1.0,
                1.0,
                1.0
            ]
        },
        "Moving.001": {
            "location": [
                10.894086837768555,
                -7.103433132171631,
                3.141831159591675
            ],
            "rotation": [
                0.0,
                0.0,
                0.0
            ],
            "scale": [
                1.0,
                1.0,
                1.0
            ]
        },
        "Moving.002": {
            "location": [
                15.70674991607666,
                -7.109848976135254,
                3.141831159591675
            ],