{
    "objects": {
        "Cube.001": {
            "location": [
                1.5481863021850586,
                -2.7286438941955566,
                1.0955958366394043
            ],
            "rotation": [
                0.0,
                0.0,
                0.0
            ],
            "scale": [
                1.0,
                1.0,
                1.0
            ]
        }
    },
    "lights": {},
    "movingPlatform": {
        "Moving": {
            "location": [
                4.396295070648193,
                -7.003432750701904,
                3.0977210998535156
            ],
            "rotation": [
                0.0,
                0.0,
                0.0
            ],
            "scale": [
                1.0,
                1.0,
                1.0
            ]
        },
        "Moving.001": {
            "location": [
                11.094086647033691,
                -7.0034332275390625,
                4.4790940284729
            ],
            "rotation": [
                0.0,
                0.0,
                0.0
            ],
            "scale": [
                1.0,
                1.0,
                1.0
            ]
        },
        "Moving.002": {
            "location": [
                17.906749725341797,
                -7.0098490715026855,
                6.182259559631348
            ],
            "rotation": [
                0.0,
                0.0,
                0.0
            ],
            "scale": [
                1.0,
                1.0,
                1.0
            ]
        },
        "Moving.003": {
            "location": [
                26.925785064697266,
                -7.0098490715026855,
                7.0725507736206055
            ],
            "rotation": [
                0.0,
                0.0,
                0.0
            ],
            "scale": [
                1.0,
                1.0,
                1.0
            ]
        }
    },
    "obstacles": {},
    "jumpPad": {},
    "largePlatform": {
        "LargePlatform.001": {
            "location": [
                1.5481863021850586,
                18.755983352661133,
                0.04724574089050293
            ],
            "rotation": [
                0.0,
                0.0,
                0.0
            ],
            "scale": [
                1.0,
                1.0,
                1.0
            ]
        }
    },
    "pepostar": {
        "Pepostar.001": {
            "location": [
                10.06572437286377,
                4.496552467346191,
                7.283291816711426
            ],
            "rotation": [
                0.0,
                0.0,
                0.0
            ],
            "scale": [
                1.0,
                1.0,
                1.0
            ]
        }
    },
    "breakable": {
        "Breakable.001": {
            "location": [
                1.5481863021850586,
                -6.779426574707031,
                2.0662903785705566
            ],
            "rotation": [
                0.0,
                0.0,
                0.0
            ],
            "scale": [
                1.0,
                1.0,
                1.0
            ]
        },
        "Breakable.002": {
            "location": [
                7.895033836364746,
                -4.37951135635376,
                3.802340030670166
            ],
            "rotation": [
                0.0,
                0.0,
                0.0
            ],
            "scale": [
                1.0,
                1.0,
                1.0
            ]
        },
        "Breakable.003": {
            "location": [
                14.346420288085938,
                -10.418007850646973,
                5.213580131530762
            ],
            "rotation": [
                0.0,
                0.0,
                0.0
            ],
            "scale": [
                1.0,
                1.0,
                1.0
            ]
        },
        "Breakable.004": {
            "location": [
                22.862247467041016,
                -10.418007850646973,
                6.529662609100342
            ],
            "rotation": [
                0.0,
                0.0,
                0.0
            ],
            "scale": [
                1.0,
                1.0,
                1.0
            ]
        },
        "Breakable.005": {
            "location": [
                31.184532165527344,
                -3.4892210960388184,
                7.497369766235352
            ],
            "rotation": [
                0.0,
                0.0,
                0.0
            ],
            "scale": [
                1.0,
                1.0,
                1.0
            ]
        }
    }
}